latitude,longitude,feet,meters,kmh,kts,mph,fpm,ms,heading,squawk,timestamp,ems
43.802162,39.909748,20150,6142,651.9,352,405.1,1600,8.1,73,6153,1694471158,None
44.098892,43.043156,34175,10417,944.5,510,586.9,384,2,0,0,1694472120,None
44.092758,43.650917,35000,10668,996.4,538,619.1,64,0.3,90,0,1694472278,None
44.091301,43.765083,35000,10668,1000.1,540,621.4,64,0.3,91,0,1694472310,None
44.089718,43.883778,35000,10668,994.5,537,618,-64,-0.3,91,6153,1694472345,None
44.088043,43.992268,34975,10660,996.4,538,619.1,-64,-0.3,91,6153,1694472376,None
44.086395,44.099953,34975,10660,996.4,538,619.1,0,0,91,6153,1694472407,None
44.084747,44.208473,34975,10660,1000.1,540,621.4,0,0,91,6153,1694472439,None
44.082733,44.317604,34975,10660,1003.8,542,623.7,-64,-0.3,91,6153,1694472470,None
44.080734,44.42799,34975,10660,1007.5,544,626,0,0,91,6153,1694472502,None
44.078796,44.536976,35000,10668,1011.2,546,628.3,0,0,91,6153,1694472533,None
44.076691,44.646137,35000,10668,1014.9,548,630.6,0,0,91,6153,1694472564,None
44.074219,44.764561,35025,10676,1020.5,551,634.1,0,0,91,6153,1694472598,None
44.071888,44.872871,35000,10668,1024.2,553,636.4,64,0.3,91,6153,1694472629,None
44.069366,44.990036,35025,10676,1026,554,637.5,0,0,91,6153,1694472662,None
44.066391,45.109287,35050,10683,1024.2,553,636.4,64,0.3,92,6153,1694472695,None
44.063873,45.215767,35025,10676,1026,554,637.5,-64,-0.3,91,6153,1694472726,None
44.060669,45.337254,35000,10668,1027.9,555,638.7,-64,-0.3,92,6153,1694472759,None
44.057549,45.457699,35000,10668,1031.6,557,641,0,0,92,6153,1694472793,None
44.054569,45.565926,35000,10668,1033.4,558,642.1,64,0.3,92,6153,1694472824,None
44.051079,45.687561,35000,10668,1035.3,559,643.3,0,0,92,6153,1694472857,None
44.047943,45.794464,35000,10668,1037.1,560,644.4,0,0,92,6153,1694472888,None
44.044006,45.916977,35000,10668,1039,561,645.6,0,0,92,6153,1694472921,None
44.040527,46.026775,35000,10668,1040.8,562,646.7,0,0,92,6153,1694472952,None
44.036972,46.135517,35025,10676,1040.8,562,646.7,0,0,92,6153,1694472982,None
44.032837,46.257233,35000,10668,1040.8,562,646.7,-64,-0.3,92,6153,1694473016,None
44.0289,46.3685,35000,10668,1042.7,563,647.9,-64,-0.3,92,6153,1694473047,None
44.024963,46.478363,35000,10668,1042.7,563,647.9,-64,-0.3,92,6153,1694473077,None
44.020523,46.599403,35000,10668,1042.7,563,647.9,0,0,92,6153,1694473111,None
44.016312,46.709332,35000,10668,1042.7,563,647.9,0,0,93,6153,1694473141,None
44.011551,46.827244,35000,10668,1044.5,564,649,0,0,93,6153,1694473175,None
44.006607,46.949371,34975,10660,1046.4,565,650.2,0,0,93,6153,1694473208,None
44.002121,47.059425,34975,10660,1048.2,566,651.3,64,0.3,93,6153,1694473238,None
43.997032,47.181374,35000,10668,1051.9,568,653.6,64,0.3,93,6153,1694473272,None
43.991821,47.301445,35000,10668,1055.6,570,655.9,0,0,93,6153,1694473305,None
43.986877,47.41188,35025,10676,1055.6,570,655.9,0,0,93,6153,1694473336,None
43.981339,47.534649,35025,10676,1055.6,570,655.9,0,0,93,6153,1694473369,None
43.976303,47.644894,35025,10676,1053.8,569,654.8,0,0,93,6153,1694473399,None
43.970581,47.765999,35000,10668,1053.8,569,654.8,0,0,93,6153,1694473433,None
43.965191,47.878876,35000,10668,1055.6,570,655.9,0,0,93,6153,1694473464,None
43.959137,48.000225,35000,10668,1057.5,571,657.1,0,0,94,6153,1694473497,None
43.953041,48.12064,35000,10668,1057.5,571,657.1,0,0,94,6153,1694473530,None
43.946732,48.242435,35000,10668,1057.5,571,657.1,0,0,94,6153,1694473564,None
43.940285,48.364956,35000,10668,1057.5,571,657.1,0,0,94,6153,1694473597,None
43.933777,48.486755,35000,10668,1057.5,571,657.1,0,0,94,6153,1694473630,None
43.927689,48.596489,35000,10668,1059.3,572,658.2,0,0,94,6153,1694473661,None
43.920826,48.719395,35025,10676,1057.5,571,657.1,0,0,94,6153,1694473694,None
43.914494,48.829781,35025,10676,1057.5,571,657.1,0,0,94,6153,1694473725,None
43.907234,48.953575,35000,10668,1055.6,570,655.9,0,0,94,6153,1694473758,None
43.900528,49.068211,35000,10668,1055.6,570,655.9,0,0,94,6153,1694473790,None
43.893871,49.178532,35000,10668,1059.3,572,658.2,0,0,94,6153,1694473820,None
43.886284,49.302326,35000,10668,1059.3,572,658.2,0,0,94,6153,1694473854,None
43.879395,49.412647,35000,10668,1059.3,572,658.2,0,0,94,6153,1694473885,None
43.878418,49.526497,35000,10668,1068.6,577,664,0,0,84,6153,1694473916,None
43.879486,49.538185,35000,10668,1070.5,578,665.2,64,0.3,82,6153,1694473919,None
43.880722,49.548786,35000,10668,1070.5,578,665.2,64,0.3,80,6153,1694473922,None
43.882095,49.558998,35000,10668,1070.5,578,665.2,0,0,79,6153,1694473924,None
43.883972,49.57127,35000,10668,1070.5,578,665.2,0,0,77,6153,1694473928,None
43.885895,49.582001,35000,10668,1072.3,579,666.3,0,0,76,6153,1694473931,None
43.888138,49.593052,35000,10668,1070.5,578,665.2,0,0,74,6153,1694473934,None
43.890427,49.603336,35000,10668,1072.3,579,666.3,0,0,72,6153,1694473937,None
43.892899,49.613491,35000,10668,1070.5,578,665.2,0,0,71,6153,1694473940,None
43.896107,49.625244,35000,10668,1068.6,577,664,64,0.3,68,6153,1694473943,None
43.899353,49.636105,35025,10676,1066.8,576,662.8,64,0.3,67,6153,1694473946,None
43.902252,49.645191,35025,10676,1066.8,576,662.8,64,0.3,66,6153,1694473949,None
43.905945,49.655838,35025,10676,1063,574,660.5,64,0.3,63,6153,1694473952,None
43.909561,49.665592,35025,10676,1061.2,573,659.4,64,0.3,62,6153,1694473955,None
43.913517,49.675533,35025,10676,1059.3,572,658.2,0,0,60,6153,1694473958,None
43.917706,49.685341,35025,10676,1057.5,571,657.1,0,0,59,6153,1694473961,None
43.922035,49.694889,35025,10676,1055.6,570,655.9,0,0,57,6153,1694473965,None
43.926727,49.704575,35025,10676,1051.9,568,653.6,0,0,55,6153,1694473968,None
43.930389,49.711666,35025,10676,1050.1,567,652.5,0,0,54,6153,1694473970,None
43.936001,49.72216,35025,10676,1048.2,566,651.3,0,0,52,6153,1694473974,None
43.940331,49.729877,35025,10676,1046.4,565,650.2,0,0,52,6153,1694473977,None
43.945919,49.739815,35025,10676,1046.4,565,650.2,0,0,52,6153,1694473980,None
43.95076,49.748394,35025,10676,1044.5,564,649,0,0,51,6153,1694473983,None
43.999054,49.833984,35000,10668,1042.7,563,647.9,-64,-0.3,52,6153,1694474013,None
44.053024,49.930241,35000,10668,1040.8,562,646.7,0,0,52,6153,1694474047,None
44.103607,50.020561,34975,10660,1040.8,562,646.7,0,0,52,6153,1694474079,None
44.153229,50.10928,34975,10660,1042.7,563,647.9,0,0,52,6153,1694474110,None
44.205826,50.203857,34975,10660,1044.5,564,649,0,0,52,6153,1694474143,None
44.255951,50.294167,34975,10660,1048.2,566,651.3,64,0.3,52,6153,1694474174,None
44.304741,50.382431,35000,10668,1048.2,566,651.3,64,0.3,52,6153,1694474205,None
44.353622,50.471191,35025,10676,1044.5,564,649,0,0,52,6153,1694474235,None
44.406971,50.56826,35000,10668,1046.4,565,650.2,-64,-0.3,52,6153,1694474269,None
44.459667,50.664455,35000,10668,1046.4,565,650.2,0,0,52,6153,1694474302,None
44.507492,50.751995,35000,10668,1044.5,564,649,0,0,52,6153,1694474332,None
44.560547,50.849632,35000,10668,1044.5,564,649,0,0,52,6153,1694474366,None
44.612358,50.945145,35000,10668,1042.7,563,647.9,0,0,52,6153,1694474399,None
44.660385,51.033978,35025,10676,1039,561,645.6,-64,-0.3,52,6153,1694474429,None
44.712166,51.130035,35000,10668,1039,561,645.6,-64,-0.3,52,6153,1694474462,None
44.763561,51.225765,35000,10668,1040.8,562,646.7,0,0,52,6153,1694474495,None
44.8125,51.317204,35000,10668,1039,561,645.6,0,0,53,6153,1694474528,None
44.867203,51.419743,35025,10676,1037.1,560,644.4,0,0,53,6153,1694474562,None
44.914391,51.508595,35000,10668,1033.4,558,642.1,0,0,53,6153,1694474593,None
44.965897,51.605793,35000,10668,1031.6,557,641,0,0,53,6153,1694474626,None
45.012661,51.694225,35000,10668,1029.7,556,639.8,0,0,53,6153,1694474656,None
45.064041,51.790138,35000,10668,1029.7,556,639.8,-64,-0.3,53,6153,1694474690,None
45.111355,51.879719,34975,10660,1029.7,556,639.8,0,0,53,6153,1694474720,None
45.163147,51.978542,35000,10668,1026,554,637.5,64,0.3,53,6153,1694474754,None
45.210205,52.067936,35025,10676,1022.3,552,635.2,-64,-0.3,53,6153,1694474785,None
45.261292,52.164394,35000,10668,1018.6,550,632.9,0,0,53,6153,1694474818,None
45.306686,52.25071,35025,10676,1014.9,548,630.6,0,0,53,6153,1694474848,None
45.35659,52.346771,35025,10676,1009.3,545,627.2,-64,-0.3,53,6153,1694474882,None
45.401505,52.433819,35000,10668,1005.6,543,624.9,0,0,53,6153,1694474912,None
45.44902,52.525829,34975,10660,1005.6,543,624.9,0,0,53,6153,1694474944,None
45.498436,52.622032,34975,10660,1005.6,543,624.9,0,0,53,6153,1694474977,None
45.543228,52.709785,34975,10660,1003.8,542,623.7,64,0.3,53,6153,1694475008,None
45.592285,52.805992,35000,10668,1001.9,541,622.6,128,0.7,53,6153,1694475041,None
45.637024,52.894077,35000,10668,1001.9,541,622.6,0,0,54,6153,1694475071,None
45.685528,52.989738,35000,10668,1001.9,541,622.6,0,0,54,6153,1694475104,None
45.734573,53.086742,35000,10668,1001.9,541,622.6,0,0,54,6153,1694475138,None
45.77882,53.174652,35000,10668,1000.1,540,621.4,0,0,54,6153,1694475168,None
45.827362,53.2715,35000,10668,1001.9,541,622.6,0,0,54,6153,1694475202,None
45.87291,53.362671,35025,10676,1003.8,542,623.7,0,0,54,6153,1694475233,None
45.919128,53.455421,35000,10668,1001.9,541,622.6,0,0,54,6153,1694475265,None
45.964874,53.54763,35025,10676,998.2,539,620.3,0,0,54,6153,1694475296,None
46.009205,53.637108,35025,10676,996.4,538,619.1,0,0,54,6153,1694475327,None
46.057854,53.73571,35025,10676,992.7,536,616.8,-64,-0.3,54,6153,1694475361,None
46.104858,53.831669,35000,10668,990.8,535,615.7,-64,-0.3,54,6153,1694475394,None
46.14793,53.919388,34975,10660,990.8,535,615.7,-64,-0.3,54,6153,1694475424,None
46.195042,54.015862,34975,10660,992.7,536,616.8,0,0,54,6153,1694475457,None
46.241959,54.112289,35000,10668,992.7,536,616.8,64,0.3,55,6153,1694475491,None
46.289749,54.210629,35000,10668,992.7,536,616.8,0,0,55,6153,1694475524,None
46.336655,54.307823,35050,10683,989,534,614.5,-64,-0.3,55,6153,1694475557,None
46.379204,54.396469,35025,10676,989,534,614.5,-64,-0.3,55,6153,1694475587,None
46.425102,54.492393,35000,10668,985.3,532,612.2,-64,-0.3,55,6153,1694475620,None
46.471939,54.590195,35000,10668,981.6,530,609.9,64,0.3,55,6153,1694475654,None
46.517929,54.68644,35000,10668,981.6,530,609.9,-64,-0.3,55,6153,1694475687,None
46.563782,54.783394,35000,10668,976,527,606.5,0,0,55,6153,1694475720,None
46.609222,54.879524,35000,10668,972.3,525,604.2,0,0,55,6153,1694475753,None
46.654884,54.976204,35000,10668,972.3,525,604.2,-64,-0.3,55,6153,1694475786,None
46.69986,55.07185,34975,10660,970.4,524,603,0,0,55,6153,1694475819,None
46.745544,55.169655,35000,10668,966.7,522,600.7,64,0.3,55,6153,1694475853,None
46.790085,55.265316,35000,10668,964.9,521,599.6,64,0.3,55,6153,1694475886,None
46.834625,55.361137,35000,10668,963,520,598.4,0,0,55,6153,1694475919,None
46.879028,55.457268,35000,10668,961.2,519,597.3,0,0,56,6153,1694475952,None
46.923981,55.554771,35000,10668,959.3,518,596.1,64,0.3,56,6153,1694475985,None
46.967575,55.649765,35025,10676,953.8,515,592.7,-64,-0.3,56,6153,1694476018,None
47.006962,55.735825,35000,10668,950.1,513,590.3,-64,-0.3,56,6153,1694476048,None
47.051102,55.832314,35000,10668,946.4,511,588,-64,-0.3,56,6153,1694476081,None
47.094177,55.927071,35000,10668,946.4,511,588,0,0,56,6153,1694476114,None
47.137539,56.022526,34975,10660,944.5,510,586.9,-64,-0.3,56,6153,1694476148,None
47.181252,56.119362,34975,10660,944.5,510,586.9,0,0,56,6153,1694476181,None
47.223907,56.214088,34975,10660,944.5,510,586.9,0,0,56,6153,1694476214,None
47.266754,56.309738,35000,10668,942.7,509,585.7,0,0,56,6153,1694476247,None
47.305965,56.397751,35025,10676,940.8,508,584.6,64,0.3,56,6153,1694476277,None
47.348465,56.493004,35025,10676,939,507,583.4,0,0,56,6153,1694476310,None
47.390877,56.588604,35000,10668,939,507,583.4,0,0,56,6153,1694476343,None
47.433334,56.684441,35000,10668,937.1,506,582.3,0,0,56,6153,1694476377,None
47.476021,56.781498,34975,10660,940.8,508,584.6,0,0,56,6153,1694476410,None
47.518524,56.87756,35000,10668,939,507,583.4,0,0,56,6153,1694476443,None
47.557114,56.964252,35000,10668,937.1,506,582.3,64,0.3,56,6153,1694476473,None
47.599274,57.060242,35000,10668,937.1,506,582.3,-64,-0.3,57,6153,1694476506,None
47.641235,57.156372,35025,10676,933.4,504,580,64,0.3,57,6153,1694476540,None
47.683456,57.253559,35025,10676,931.6,503,578.8,64,0.3,57,6153,1694476573,None
47.724792,57.349319,35025,10676,926,500,575.4,0,0,57,6153,1694476606,None
47.762222,57.4361,35000,10668,922.3,498,573.1,-64,-0.3,57,6153,1694476636,None
47.801189,57.52681,35000,10668,920.4,497,571.9,0,0,57,6153,1694476668,None
47.844498,57.627823,34975,10660,920.4,497,571.9,64,0.3,57,6153,1694476703,None
47.884689,57.722168,35000,10668,914.9,494,568.5,0,0,57,6153,1694476736,None
47.92598,57.819191,35000,10668,913,493,567.3,0,0,57,6153,1694476769,None
47.965256,57.911682,35000,10668,913,493,567.3,0,0,57,6153,1694476802,None
48.005039,58.005699,34975,10660,911.2,492,566.2,0,0,57,6153,1694476835,None
48.0434,58.096619,34975,10660,911.2,492,566.2,-64,-0.3,57,6153,1694476867,None
48.083313,58.191765,34975,10660,913,493,567.3,64,0.3,58,6153,1694476900,None
48.123375,58.287895,35000,10668,916.7,495,569.6,-64,-0.3,58,6153,1694476932,None
48.162231,58.381557,35000,10668,918.6,496,570.8,0,0,58,6153,1694476965,None
48.201599,58.476212,35000,10668,918.6,496,570.8,0,0,57,6153,1694476997,None
48.24321,58.576637,35025,10676,918.6,496,570.8,64,0.3,58,6153,1694477032,None
48.282349,58.671638,35025,10676,918.6,496,570.8,0,0,58,6153,1694477064,None
48.32254,58.7696,35000,10668,916.7,495,569.6,0,0,58,6153,1694477098,None
48.360092,58.86142,35000,10668,914.9,494,568.5,-64,-0.3,58,6153,1694477129,None
48.398407,58.955383,35000,10668,916.7,495,569.6,64,0.3,58,6153,1694477161,None
48.437073,59.050106,35025,10676,913,493,567.3,-64,-0.3,58,6153,1694477193,None
48.476101,59.146561,35025,10676,909.3,491,565,0,0,58,6153,1694477226,None
48.513382,59.238773,34975,10660,909.3,491,565,0,0,58,6153,1694477258,None
48.550167,59.330292,34975,10660,909.3,491,565,0,0,58,6153,1694477290,None
48.588478,59.426132,34975,10660,911.2,492,566.2,0,0,58,6153,1694477322,None
48.626129,59.520546,35000,10668,909.3,491,565,0,0,58,6153,1694477354,None
48.662842,59.612663,35000,10668,909.3,491,565,0,0,58,6153,1694477386,None
48.700104,59.70668,34975,10660,909.3,491,565,0,0,59,6153,1694477418,None
48.737541,59.801186,34950,10653,916.7,495,569.6,0,0,59,6153,1694477450,None
48.775955,59.8988,35050,10683,918.6,496,570.8,640,3.3,59,6153,1694477482,None
48.812534,59.992001,35425,10798,918.6,496,570.8,1152,5.9,59,6153,1694477514,None
48.850159,60.088524,36325,11072,890.8,481,553.5,1856,9.4,59,6153,1694477546,None
48.886002,60.180359,36725,11194,885.3,478,550.1,128,0.7,59,6153,1694477578,None
48.921932,60.273022,36850,11232,890.8,481,553.5,768,3.9,59,6153,1694477610,None
49.036926,60.571781,37000,11278,913,493,567.3,0,0,59,6153,1694477713,None
49.073879,60.668457,37000,11278,914.9,494,568.5,-64,-0.3,59,6153,1694477743,None
49.111176,60.766296,37000,11278,918.6,496,570.8,0,0,59,6153,1694477776,None
49.145187,60.855949,37025,11285,920.4,497,571.9,64,0.3,59,6153,1694477805,None
49.179977,60.947922,37025,11285,924.1,499,574.2,128,0.7,60,6153,1694477836,None
49.221085,61.057083,37025,11285,922.3,498,573.1,64,0.3,60,6153,1694477872,None
49.257668,61.154816,37025,11285,907.5,490,563.9,0,0,60,6153,1694477904,None
49.293274,61.249836,37000,11278,898.2,485,558.1,0,0,60,6153,1694477936,None
49.329071,61.346107,37000,11278,890.8,481,553.5,0,0,60,6153,1694477968,None
49.383179,61.4921,37000,11278,892.7,482,554.7,0,0,60,6153,1694478017,None
49.418747,61.58823,36975,11270,896.4,484,557,-64,-0.3,60,6153,1694478049,None
49.452621,61.680428,36975,11270,898.2,485,558.1,64,0.3,60,6153,1694478080,None
49.49707,61.801853,37025,11285,894.5,483,555.8,128,0.7,60,6153,1694478121,None
49.532093,61.897717,37025,11285,887.1,479,551.2,-512,-2.6,60,6153,1694478153,None
49.564911,61.987972,37000,11278,874.1,472,543.2,0,0,60,6153,1694478184,None
49.597961,62.079258,37000,11278,876,473,544.3,0,0,60,6153,1694478215,None
49.631062,62.170963,37000,11278,877.8,474,545.5,64,0.3,60,6153,1694478246,None
49.663372,62.261005,37000,11278,876,473,544.3,-64,-0.3,61,6153,1694478276,None
49.697075,62.354908,36950,11262,874.1,472,543.2,0,0,61,6153,1694478308,None
49.731617,62.443394,36950,11262,870.4,470,540.9,0,0,56,6153,1694478339,None
49.772816,62.52824,36975,11270,866.7,468,538.6,64,0.3,50,6153,1694478371,None
49.817596,62.602844,37000,11278,861.2,465,535.1,64,0.3,44,6153,1694478402,None
49.869736,62.677509,37025,11285,855.6,462,531.7,0,0,42,6153,1694478435,None
49.918987,62.74752,37000,11278,855.6,462,531.7,-64,-0.3,42,6153,1694478466,None
49.970535,62.82098,36950,11262,859.3,464,534,0,0,42,6153,1694478499,None
50.020893,62.893314,37000,11278,863,466,536.3,0,0,43,6153,1694478531,None
50.069092,62.973778,37000,11278,868.6,469,539.7,0,0,50,6153,1694478563,None
50.11116,63.056751,37025,11285,870.4,470,540.9,0,0,51,6153,1694478595,None
50.152962,63.13969,37050,11293,866.7,468,538.6,128,0.7,51,6153,1694478626,None
50.195892,63.225163,37025,11285,870.4,470,540.9,-192,-1,51,6153,1694478658,None
50.238327,63.310162,37000,11278,876,473,544.3,0,0,52,6153,1694478690,None
50.280468,63.394897,37025,11285,868.6,469,539.7,0,0,52,6153,1694478721,None
50.322189,63.478859,37000,11278,864.9,467,537.4,0,0,52,6153,1694478753,None
50.363655,63.562515,37000,11278,864.9,467,537.4,0,0,52,6153,1694478784,None
50.406017,63.648254,37000,11278,864.9,467,537.4,0,0,52,6153,1694478816,None
50.453339,63.744339,37000,11278,866.7,468,538.6,0,0,52,6153,1694478852,None
50.497925,63.835266,37000,11278,864.9,467,537.4,64,0.3,52,6153,1694478886,None
50.537476,63.916218,37000,11278,866.7,468,538.6,0,0,52,6153,1694478917,None
50.581429,64.006721,37025,11285,864.9,467,537.4,0,0,52,6153,1694478950,None
50.621975,64.090302,37000,11278,864.9,467,537.4,0,0,52,6153,1694478981,None
50.661777,64.17263,37000,11278,864.9,467,537.4,0,0,52,6153,1694479012,None
50.703114,64.258194,37000,11278,863,466,536.3,0,0,52,6153,1694479043,None
50.744568,64.344551,37000,11278,863,466,536.3,-64,-0.3,52,6153,1694479075,None
50.785126,64.429176,36975,11270,864.9,467,537.4,0,0,52,6153,1694479106,None
50.826508,64.515724,37000,11278,866.7,468,538.6,0,0,52,6153,1694479138,None
50.866333,64.599533,37025,11285,864.9,467,537.4,0,0,53,6153,1694479169,None
50.905426,64.682083,37025,11285,864.9,467,537.4,-64,-0.3,53,6153,1694479199,None
50.946304,64.768524,37025,11285,863,466,536.3,64,0.3,53,6153,1694479231,None
50.987228,64.855415,37025,11285,842.7,455,523.6,0,0,53,6153,1694479263,None
51.026466,64.939041,37000,11278,829.7,448,515.5,0,0,53,6153,1694479294,None
51.069901,65.031784,37000,11278,829.7,448,515.5,0,0,53,6153,1694479330,None
51.10812,65.113831,37000,11278,831.5,449,516.7,0,0,53,6153,1694479361,None
51.145981,65.195396,37000,11278,829.7,448,515.5,64,0.3,53,6153,1694479391,None
51.18507,65.279617,37000,11278,829.7,448,515.5,0,0,53,6153,1694479423,None
51.222313,65.359802,37000,11278,827.8,447,514.4,0,0,53,6153,1694479453,None
51.259739,65.440903,37000,11278,827.8,447,514.4,-64,-0.3,53,6153,1694479484,None
51.294754,65.517189,36975,11270,827.8,447,514.4,-64,-0.3,53,6153,1694479513,None
51.341949,65.620445,36975,11270,829.7,448,515.5,0,0,53,6153,1694479551,None
51.376373,65.696167,37000,11278,831.5,449,516.7,0,0,53,6153,1694479580,None
51.44957,65.85762,37025,11285,835.3,451,519,64,0.3,54,6153,1694479640,None
51.489056,65.944901,37025,11285,835.3,451,519,0,0,54,6153,1694479672,None
51.527527,66.030205,37050,11293,833.4,450,517.9,0,0,54,6153,1694479703,None
51.565121,66.113815,37025,11285,829.7,448,515.5,0,0,54,6153,1694479735,None
51.604973,66.203079,37025,11285,826,446,513.2,0,0,54,6153,1694479768,None
51.642471,66.287201,36975,11270,827.8,447,514.4,0,0,54,6153,1694479799,None
51.686188,66.385483,36975,11270,827.8,447,514.4,0,0,54,6153,1694479835,None
51.728348,66.480873,37000,11278,827.8,447,514.4,0,0,54,6153,1694479870,None
51.753525,66.537804,37000,11278,789,426,490.2,64,0.3,54,6153,1694479891,None
51.816833,66.681221,37000,11278,827.8,447,514.4,-64,-0.3,54,6153,1694479944,None
51.884399,66.836288,37000,11278,827.8,447,514.4,0,0,54,6153,1694480002,None
51.923904,66.926956,37000,11278,827.8,447,514.4,0,0,54,6153,1694480034,None
51.961002,67.012833,37000,11278,829.7,448,515.5,-64,-0.3,55,6153,1694480066,None
51.998989,67.100807,37000,11278,831.5,449,516.7,0,0,55,6153,1694480097,None
52.036835,67.188721,37025,11285,829.7,448,515.5,64,0.3,55,6153,1694480129,None
52.073776,67.274628,37025,11285,829.7,448,515.5,0,0,55,6153,1694480161,None
52.111084,67.361908,37025,11285,826,446,513.2,-64,-0.3,55,6153,1694480192,None
52.149078,67.450943,37000,11278,826,446,513.2,-64,-0.3,55,6153,1694480225,None
52.186222,67.538528,37025,11285,818.6,442,508.6,64,0.3,55,6153,1694480257,None
52.222824,67.62291,37025,11285,816.7,441,507.5,0,0,53,6153,1694480288,None
52.254227,67.692947,37000,11278,814.9,440,506.3,-64,-0.3,53,6153,1694480314,None
52.424835,68.080902,36950,11262,820.4,443,509.8,0,0,54,6153,1694480460,None
52.463627,68.17009,36975,11270,826,446,513.2,64,0.3,54,6153,1694480491,None
52.502731,68.260178,37000,11278,829.7,448,515.5,64,0.3,54,6153,1694480523,None
52.540672,68.348068,37050,11293,831.5,449,516.7,128,0.7,54,6153,1694480556,None
52.579697,68.438644,37050,11293,831.5,449,516.7,0,0,54,6153,1694480588,None
52.617279,68.52623,37050,11293,829.7,448,515.5,0,0,54,6153,1694480619,None
52.656555,68.617859,37025,11285,827.8,447,514.4,-64,-0.3,54,6153,1694480653,None
52.687958,68.678207,37025,11285,831.5,449,516.7,-64,-0.3,44,6153,1694480676,None
52.692432,68.685349,37025,11285,833.4,450,517.9,-128,-0.7,43,6153,1694480679,None
52.696762,68.692253,37000,11278,833.4,450,517.9,-128,-0.7,43,6153,1694480681,None
52.702068,68.700493,37000,11278,835.3,451,519,-64,-0.3,43,6153,1694480685,None
52.753052,68.778839,37000,11278,829.7,448,515.5,64,0.3,42,6153,1694480719,None
52.800945,68.853355,37025,11285,826,446,513.2,0,0,43,6153,1694480751,None
52.848816,68.928223,37025,11285,818.6,442,508.6,-64,-0.3,43,6153,1694480783,None
52.895233,69.002075,37000,11278,813,439,505.2,-64,-0.3,44,6153,1694480814,None
52.943024,69.078423,36975,11270,811.2,438,504,0,0,43,6153,1694480847,None
52.990036,69.153519,36950,11262,809.3,437,502.9,64,0.3,44,6153,1694480880,None
53.036682,69.228821,36975,11270,811.2,438,504,128,0.7,44,6153,1694480912,None
53.083328,69.304047,37025,11285,805.6,435,500.6,64,0.3,43,6153,1694480944,None
53.128628,69.37648,37000,11278,803.8,434,499.4,0,0,43,6153,1694480975,None
53.176849,69.453293,37000,11278,803.8,434,499.4,0,0,43,6153,1694481009,None
53.223175,69.527702,37000,11278,801.9,433,498.3,64,0.3,44,6153,1694481041,None
53.268585,69.601761,37000,11278,800.1,432,497.1,0,0,44,6153,1694481073,None
53.312668,69.674431,37000,11278,796.4,430,494.8,0,0,44,6153,1694481104,None
53.356705,69.746544,37000,11278,798.2,431,496,64,0.3,44,6153,1694481135,None
53.400677,69.818436,37000,11278,794.5,429,493.7,0,0,44,6153,1694481166,None
53.444717,69.890335,36775,11209,789,426,490.2,-1024,-5.2,44,6153,1694481197,None
53.488194,69.958191,35975,10965,764.9,413,475.3,-1344,-6.8,42,6153,1694481227,None
53.534271,70.029839,34950,10653,740.8,400,460.3,-2432,-12.4,42,6153,1694481261,None
53.575195,70.094734,34100,10394,718.6,388,446.5,-1088,-5.5,46,6153,1694481292,None
53.58609,70.117256,33950,10348,726,392,451.1,-832,-4.2,53,6153,1694481301,None
53.588795,70.123795,33900,10333,727.8,393,452.3,-1088,-5.5,55,6153,1694481304,None
53.591354,70.13044,33825,10310,731.5,395,454.6,-1216,-6.2,58,6153,1694481308,None
53.595173,70.141563,33725,10279,731.5,395,454.6,-1344,-6.8,60,6153,1694481311,None
53.597717,70.149742,33650,10257,731.5,395,454.6,-1408,-7.2,62,6153,1694481314,None
53.600105,70.157967,33550,10226,729.7,394,453.4,-1344,-6.8,64,6153,1694481317,None
53.602386,70.166306,33500,10211,729.7,394,453.4,-1344,-6.8,65,6153,1694481320,None
53.604855,70.175819,33400,10180,727.8,393,452.3,-1408,-7.2,66,6153,1694481323,None
53.60701,70.184196,33350,10165,726,392,451.1,-1344,-6.8,67,6153,1694481326,None
53.609138,70.192619,33275,10142,724.1,391,450,-1344,-6.8,67,6153,1694481329,None
53.611404,70.201538,33225,10127,722.3,390,448.8,-1280,-6.5,66,6153,1694481333,None
53.635895,70.295708,33000,10058,737.1,398,458,-128,-0.7,66,6153,1694481366,None
53.661072,70.392624,33000,10058,748.2,404,464.9,64,0.3,66,6153,1694481400,None
53.684143,70.481926,33000,10058,750.1,405,466.1,0,0,66,6153,1694481431,None
53.706852,70.570274,33000,10058,748.2,404,464.9,0,0,66,6153,1694481462,None
53.731941,70.668182,33000,10058,751.9,406,467.2,0,0,66,6153,1694481495,None
53.754913,70.758385,33000,10058,751.9,406,467.2,0,0,66,6153,1694481526,None
53.78009,70.857498,33000,10058,755.6,408,469.5,0,0,66,6153,1694481560,None
53.80513,70.956535,32850,10013,759.3,410,471.8,-1024,-5.2,66,6153,1694481594,None
53.828167,71.04834,32125,9792,757.5,409,470.7,-1792,-9.1,67,6153,1694481625,None
53.851349,71.14035,30650,9342,755.6,408,469.5,-3264,-16.6,66,6153,1694481657,None
53.875931,71.238823,28875,8801,755.6,408,469.5,-2944,-15,67,6153,1694481690,None
53.898972,71.331726,27250,8306,751.9,406,467.2,-3264,-16.6,67,6153,1694481722,None
53.922016,71.424866,25725,7841,744.5,402,462.6,-3136,-15.9,67,6153,1694481754,None
53.944656,71.516914,24175,7369,738.9,399,459.2,-2752,-14,67,6153,1694481786,None
53.966354,71.605354,22875,6972,726,392,451.1,-2304,-11.7,67,6153,1694481817,None
53.989422,71.699524,21550,6568,709.3,383,440.7,-2368,-12,67,6153,1694481850,None
54.012142,71.792908,20300,6187,692.6,374,430.4,-2304,-11.7,67,6153,1694481884,None
54.03186,71.874207,19075,5814,685.2,370,425.8,-2368,-12,67,6153,1694481914,None
54.051727,71.956604,17900,5456,674.1,364,418.9,-2368,-12,67,6153,1694481945,None
54.07338,72.046532,16600,5060,666.7,360,414.3,-2048,-10.4,67,6153,1694481979,None
54.092606,72.127602,16000,4877,626,338,389,-1088,-5.5,67,6153,1694482011,None
54.110321,72.201126,15600,4755,579.7,313,360.2,-832,-4.2,67,6153,1694482042,None
54.125427,72.255592,15075,4595,559.3,302,347.5,-1792,-9.1,54,6153,1694482067,None
54.128082,72.261398,14975,4564,559.3,302,347.5,-1792,-9.1,50,6153,1694482071,None
54.131378,72.267517,14900,4542,559.3,302,347.5,-1728,-8.8,46,6153,1694482074,None
54.134666,72.272675,14800,4511,561.2,303,348.7,-1536,-7.8,40,6153,1694482077,None
54.138065,72.277275,14725,4488,561.2,303,348.7,-1536,-7.8,38,6153,1694482080,None
54.141464,72.281075,14650,4465,563,304,349.8,-1408,-7.2,33,6153,1694482083,None
54.145157,72.284859,14575,4442,559.3,302,347.5,-1344,-6.8,30,6153,1694482086,None
54.149284,72.28891,14475,4412,559.3,302,347.5,-1920,-9.8,29,6153,1694482089,None
54.152939,72.292397,14375,4382,559.3,302,347.5,-2176,-11.1,29,6153,1694482092,None
54.157104,72.296341,14250,4343,561.2,303,348.7,-2176,-11.1,28,6153,1694482096,None
54.161041,72.300003,14150,4313,561.2,303,348.7,-1920,-9.8,28,6153,1694482099,None
54.164841,72.303535,14050,4282,563,304,349.8,-1984,-10.1,28,6153,1694482102,None
54.168789,72.307243,13950,4252,563,304,349.8,-1856,-9.4,28,6153,1694482106,None
54.172989,72.311073,13825,4214,563,304,349.8,-1856,-9.4,28,6153,1694482109,None
54.212502,72.348122,12825,3909,561.2,303,348.7,-1984,-10.1,28,6153,1694482141,None
54.251495,72.384682,11900,3627,559.3,302,347.5,-1344,-6.8,28,6153,1694482173,None
54.267151,72.399429,11650,3551,544.5,294,338.3,-1152,-5.9,28,6153,1694482186,None
54.282608,72.413887,11300,3444,540.8,292,336,-1728,-8.8,28,6153,1694482199,None
54.300766,72.430946,10850,3307,537.1,290,333.7,-1664,-8.5,28,6153,1694482214,None
54.315903,72.445137,10525,3208,533.4,288,331.4,-1664,-8.5,28,6153,1694482227,None
54.332096,72.460495,10075,3071,533.4,288,331.4,-2048,-10.4,29,6153,1694482241,None
54.346802,72.47438,9800,2987,526,284,326.8,-1280,-6.5,28,6153,1694482254,None
54.364727,72.491287,9325,2842,520.4,281,323.4,-2112,-10.7,28,6153,1694482269,None
54.383102,72.508713,8775,2675,524.1,283,325.7,-1728,-8.8,28,6153,1694482285,None
54.401596,72.525993,8375,2553,516.7,279,321.1,-1152,-5.9,28,6153,1694482302,None
54.416168,72.539726,8175,2492,507.4,274,315.3,-960,-4.9,28,6153,1694482315,None
54.432358,72.555084,7925,2416,503.7,272,313,-960,-4.9,29,6153,1694482329,None
54.449219,72.57119,7675,2339,498.2,269,309.6,-1024,-5.2,29,6153,1694482345,None
54.466049,72.587158,7425,2263,494.5,267,307.3,-1024,-5.2,29,6153,1694482360,None
54.482971,72.603233,7175,2187,496.3,268,308.4,-960,-4.9,28,6153,1694482376,None
54.499603,72.61882,7025,2141,494.5,267,307.3,-256,-1.3,28,6153,1694482391,None
54.514858,72.633362,7000,2134,494.5,267,307.3,-64,-0.3,28,6153,1694482406,None
54.529057,72.646843,7000,2134,492.6,266,306.1,0,0,28,6153,1694482418,None
54.545517,72.662521,6975,2126,481.5,260,299.2,0,0,29,6153,1694482434,None
54.560852,72.676971,7000,2134,450,243,279.6,0,0,28,6153,1694482449,None
54.57547,72.690872,7000,2134,429.7,232,267,-64,-0.3,29,6153,1694482464,None
54.5896,72.704369,7000,2134,416.7,225,258.9,0,0,28,6153,1694482480,None
54.60368,72.717758,6850,2088,407.4,220,253.2,-1024,-5.2,28,6153,1694482495,None
54.614109,72.727745,6575,2004,405.6,219,252,-1600,-8.1,29,6153,1694482507,None
54.627792,72.740898,6200,1890,405.6,219,252,-1344,-6.8,29,6153,1694482522,None
54.64151,72.754128,5925,1806,400,216,248.6,-1344,-6.8,29,6153,1694482538,None
54.652187,72.764366,5625,1715,400,216,248.6,-1472,-7.5,29,6153,1694482550,None
54.665874,72.777596,5250,1600,400,216,248.6,-1408,-7.2,29,6153,1694482566,None
54.679329,72.790497,4925,1501,398.2,215,247.4,-1216,-6.2,29,6153,1694482581,None
54.684589,72.795578,4800,1463,396.3,214,246.3,-1216,-6.2,28,6153,1694482587,None
54.692734,72.803329,4600,1402,392.6,212,244,-1216,-6.2,28,6153,1694482597,None
54.700424,72.810677,4425,1349,390.8,211,242.8,-1280,-6.5,28,6153,1694482606,None
54.705956,72.815971,4275,1303,388.9,210,241.7,-1344,-6.8,29,6153,1694482612,None
54.713928,72.823601,4075,1242,387.1,209,240.5,-1216,-6.2,28,6153,1694482622,None
54.721783,72.831116,3900,1189,385.2,208,239.4,-1280,-6.5,29,6153,1694482631,None
54.729603,72.838608,3675,1120,385.2,208,239.4,-1408,-7.2,29,6153,1694482640,None
54.737823,72.846542,3475,1059,381.5,206,237.1,-832,-4.2,28,6153,1694482650,None
54.745148,72.853493,3375,1029,372.3,201,231.3,-640,-3.3,28,6153,1694482659,None
54.750366,72.858421,3325,1013,364.8,197,226.7,-512,-2.6,28,6153,1694482666,None
54.757233,72.86496,3225,983,355.6,192,220.9,-640,-3.3,28,6153,1694482674,None
54.764378,72.871895,3200,975,346.3,187,215.2,-64,-0.3,29,6153,1694482684,None
54.770966,72.878296,3200,975,346.3,187,215.2,-64,-0.3,29,6153,1694482692,None
54.778519,72.885643,3175,968,348.2,188,216.3,-64,-0.3,29,6153,1694482702,None
54.783737,72.890732,3175,968,348.2,188,216.3,0,0,29,6153,1694482709,None
54.788452,72.89534,3175,968,348.2,188,216.3,64,0.3,29,6153,1694482715,None
54.795708,72.902359,3175,968,348.2,188,216.3,0,0,29,6153,1694482725,None
54.800549,72.907104,3175,968,348.2,188,216.3,0,0,29,6153,1694482731,None
54.805672,72.912102,3175,968,346.3,187,215.2,0,0,29,6153,1694482738,None
54.813446,72.919502,3175,968,342.6,185,212.9,0,0,29,6153,1694482749,None
54.821125,72.92691,3175,968,338.9,183,210.6,0,0,28,6153,1694482759,None
54.828094,72.933624,3175,968,338.9,183,210.6,-64,-0.3,29,6153,1694482768,None
54.832947,72.938316,3125,953,338.9,183,210.6,-512,-2.6,29,6153,1694482775,None
54.84026,72.945389,3000,914,338.9,183,210.6,-960,-4.9,29,6153,1694482785,None
54.847504,72.95237,2825,861,337.1,182,209.4,-1216,-6.2,28,6153,1694482794,None
54.852356,72.957054,2675,815,338.9,183,210.6,-1408,-7.2,29,6153,1694482801,None
54.857529,72.961983,2525,770,338.9,183,210.6,-1344,-6.8,29,6153,1694482808,None
54.864532,72.968765,2325,709,333.4,180,207.1,-1152,-5.9,28,6153,1694482818,None
54.869385,72.973618,2225,678,335.2,181,208.3,-640,-3.3,29,6153,1694482824,None
54.876663,72.980721,2200,671,329.7,178,204.8,-64,-0.3,29,6153,1694482834,None
54.884109,72.987923,2175,663,337.1,182,209.4,-64,-0.3,29,6153,1694482845,None
54.88916,72.99292,2175,663,337.1,182,209.4,-128,-0.7,29,6153,1694482851,None
54.894165,72.997742,2150,655,327.8,177,203.7,0,0,29,6153,1694482858,None
54.901054,73.004234,2175,663,309.3,167,192.2,64,0.3,28,6153,1694482868,None
54.90543,73.008476,2175,663,305.6,165,189.9,64,0.3,28,6153,1694482875,None
54.909855,73.012726,2175,663,305.6,165,189.9,-64,-0.3,29,6153,1694482881,None
54.916557,73.019295,2175,663,292.6,158,181.8,448,2.3,29,6153,1694482892,None
54.920609,73.023209,2200,671,275.9,149,171.5,-128,-0.7,29,6153,1694482898,None
54.926285,73.029358,2175,663,248.2,134,154.2,-64,-0.3,37,6153,1694482908,None
54.927589,73.032112,2175,663,225.9,122,140.4,64,0.3,54,6153,1694482912,None
54.92857,73.035027,2200,671,218.5,118,135.8,128,0.7,63,6153,1694482916,None
54.929214,73.037598,2200,671,218.5,118,135.8,-64,-0.3,67,6153,1694482919,None
54.929779,73.040352,2175,663,220.4,119,136.9,-128,-0.7,70,6153,1694482922,None
54.930336,73.043182,2175,663,224.1,121,139.2,-64,-0.3,71,6153,1694482925,None
54.931,73.046638,2175,663,222.2,120,138.1,-64,-0.3,72,6153,1694482928,None
54.931549,73.049591,2175,663,224.1,121,139.2,-64,-0.3,72,6153,1694482932,None
54.932106,73.052925,2175,663,222.2,120,138.1,0,0,73,6153,1694482935,None
54.932526,73.055588,2175,663,222.2,120,138.1,64,0.3,74,6153,1694482938,None
54.933014,73.058762,2175,663,222.2,120,138.1,64,0.3,75,6153,1694482941,None
54.933548,73.06208,2175,663,224.1,121,139.2,0,0,75,6153,1694482945,None
54.934021,73.06514,2175,663,222.2,120,138.1,0,0,75,6153,1694482948,None
54.934433,73.068153,2175,663,222.2,120,138.1,64,0.3,76,6153,1694482951,None
54.93541,73.075066,2175,663,222.2,120,138.1,-64,-0.3,76,6153,1694482959,None
54.936264,73.081459,2175,663,216.7,117,134.6,0,0,77,6153,1694482966,None
54.937088,73.087761,2175,663,220.4,119,136.9,0,0,76,6153,1694482973,None
54.938019,73.094872,2175,663,224.1,121,139.2,-64,-0.3,77,6153,1694482980,None
54.938904,73.101196,2175,663,220.4,119,136.9,0,0,75,6153,1694482987,None
54.939835,73.107689,2175,663,218.5,118,135.8,128,0.7,77,6153,1694482994,None
54.940903,73.114265,2175,663,224.1,121,139.2,-64,-0.3,72,6153,1694483001,None
54.941666,73.116844,2150,655,227.8,123,141.5,0,0,60,6153,1694483004,None
54.942814,73.119339,2150,655,233.4,126,145,64,0.3,50,6153,1694483007,None
54.944366,73.121605,2150,655,242.6,131,150.8,0,0,36,6153,1694483010,None
54.94635,73.123421,2150,655,248.2,134,154.2,64,0.3,25,6153,1694483014,None
54.948257,73.124352,2175,663,255.6,138,158.8,448,2.3,11,6153,1694483017,None
54.950226,73.124596,2200,671,263,142,163.4,704,3.6,4,6153,1694483020,None
54.952057,73.124596,2250,686,257.4,139,160,960,4.9,356,6153,1694483023,None
54.954311,73.124252,2300,701,257.4,139,160,1024,5.2,354,6153,1694483027,None
54.956268,73.123871,2375,724,259.3,140,161.1,1024,5.2,353,6153,1694483030,None
54.958557,73.123306,2425,739,261.1,141,162.3,1024,5.2,351,6153,1694483033,None
54.960663,73.122818,2475,754,261.1,141,162.3,1024,5.2,351,6153,1694483036,None
54.962227,73.122337,2525,770,263,142,163.4,1024,5.2,351,6153,1694483039,None
54.964874,73.121605,2600,792,263,142,163.4,1024,5.2,350,6153,1694483043,None
54.967209,73.120964,2650,808,263,142,163.4,1024,5.2,350,6153,1694483047,None
54.969543,73.120071,2725,831,268.5,145,166.9,896,4.6,346,6153,1694483050,None
54.971954,73.118675,2775,846,283.4,153,176.1,960,4.9,339,6153,1694483054,None
54.974396,73.116272,2825,861,301.9,163,187.6,1088,5.5,328,6153,1694483058,None
54.976376,73.113594,2900,884,316.7,171,196.8,1088,5.5,320,6153,1694483061,None
54.978333,73.10981,2950,899,331.5,179,206,1024,5.2,309,6153,1694483064,None
54.980118,73.105049,3025,922,342.6,185,212.9,1024,5.2,299,6153,1694483068,None
54.981354,73.100197,3075,937,350,189,217.5,896,4.6,291,6153,1694483072,None
54.982086,73.095596,3100,945,357.4,193,222.1,704,3.6,284,6153,1694483075,None
54.982544,73.090179,3150,960,364.8,197,226.7,512,2.6,275,6153,1694483078,None
54.982635,73.085091,3175,968,366.7,198,227.9,256,1.3,269,6153,1694483082,None
54.98243,73.078972,3175,968,364.8,197,226.7,64,0.3,266,6153,1694483085,None
54.982151,73.074226,3175,968,366.7,198,227.9,0,0,263,6153,1694483088,None
54.981628,73.068451,3175,968,363,196,225.6,0,0,260,6153,1694483092,None
54.981033,73.062576,3175,968,361.1,195,224.4,0,0,259,6153,1694483096,None
54.980347,73.056419,3175,968,359.3,194,223.3,0,0,258,6153,1694483100,None
54.979729,73.050926,3175,968,359.3,194,223.3,0,0,258,6153,1694483103,None
54.979156,73.046318,3175,968,361.1,195,224.4,0,0,258,6153,1694483107,None
54.978653,73.042038,3175,968,361.1,195,224.4,0,0,258,6153,1694483109,None
54.978012,73.036461,3175,968,361.1,195,224.4,0,0,258,6153,1694483113,None
54.977448,73.032036,3175,968,361.1,195,224.4,0,0,258,6153,1694483116,None
54.976841,73.026955,3175,968,361.1,195,224.4,0,0,258,6153,1694483119,None
54.975677,73.016968,3175,968,361.1,195,224.4,0,0,258,6153,1694483126,None
54.97403,73.003181,3175,968,359.3,194,223.3,0,0,258,6153,1694483135,None
54.972328,72.988838,3175,968,357.4,193,222.1,0,0,258,6153,1694483144,None
54.97121,72.979012,3175,968,357.4,193,222.1,0,0,258,6153,1694483150,None
54.969543,72.964645,3175,968,357.4,193,222.1,0,0,258,6153,1694483160,None
54.967903,72.950798,3175,968,357.4,193,222.1,0,0,258,6153,1694483169,None
54.966705,72.940491,3175,968,359.3,194,223.3,0,0,258,6153,1694483176,None
54.965103,72.926437,3175,968,359.3,194,223.3,0,0,258,6153,1694483185,None
54.963318,72.911575,3175,968,357.4,193,222.1,64,0.3,258,6153,1694483195,None
54.961666,72.897697,3175,968,359.3,194,223.3,-64,-0.3,258,6153,1694483204,None
54.960846,72.887985,3175,968,361.1,195,224.4,-128,-0.7,263,6153,1694483210,None
54.960876,72.883385,3175,968,359.3,194,223.3,64,0.3,270,6153,1694483213,None
54.961258,72.878212,3175,968,351.9,190,218.6,384,2,279,6153,1694483216,None
54.961945,72.874008,3200,975,342.6,185,212.9,896,4.6,287,6153,1694483219,None
54.962925,72.869987,3275,998,333.4,180,207.1,1472,7.5,295,6153,1694483222,None
54.964458,72.865822,3350,1021,324.1,175,201.4,1408,7.2,304,6153,1694483226,None
54.965881,72.862701,3425,1044,316.7,171,196.8,1216,6.2,310,6153,1694483229,None
54.967766,72.859749,3500,1067,309.3,167,192.2,1344,6.8,318,6153,1694483232,None
54.968277,72.859077,3550,1082,298.2,161,185.3,1536,7.8,327,6153,1694483235,None
54.971863,72.856003,3650,1113,279.7,151,173.8,1600,8.1,339,6153,1694483238,None
54.973396,72.855255,3725,1135,268.5,145,166.9,1600,8.1,345,6153,1694483241,None
54.975864,72.854836,3825,1166,251.9,136,156.5,1664,8.5,358,6153,1694483245,None
54.977646,72.855186,3900,1189,238.9,129,148.5,1600,8.1,8,6153,1694483248,None
54.97934,72.856079,4000,1219,227.8,123,141.5,1728,8.8,17,6153,1694483251,None
54.981125,72.857368,4100,1250,220.4,119,136.9,1728,8.8,24,6153,1694483254,None
54.982616,72.858665,4175,1273,218.5,118,135.8,1600,8.1,27,6153,1694483257,None
54.984104,72.859993,4250,1295,218.5,118,135.8,1408,7.2,29,6153,1694483260,None
54.985657,72.861649,4325,1318,220.4,119,136.9,1216,6.2,30,6153,1694483264,None
54.987076,72.863106,4375,1334,225.9,122,140.4,960,4.9,31,6153,1694483267,None
54.988586,72.864723,4425,1349,231.5,125,143.8,640,3.3,32,6153,1694483270,None
54.990189,72.866661,4450,1356,240.8,130,149.6,576,2.9,34,6153,1694483273,None
54.9916,72.868317,4475,1364,246.3,133,153.1,768,3.9,34,6153,1694483276,None
54.99332,72.870316,4525,1379,255.6,138,158.8,896,4.6,34,6153,1694483279,None
54.994858,72.872231,4575,1394,259.3,140,161.1,832,4.2,34,6153,1694483282,None
54.996506,72.874176,4600,1402,266.7,144,165.7,768,3.9,35,6153,1694483285,None
54.998474,72.876518,4650,1417,274.1,148,170.3,768,3.9,34,6153,1694483288,None
55.00375,72.882965,4775,1455,290.8,157,180.7,768,3.9,35,6153,1694483298,None
55.009754,72.890457,4875,1486,313,169,194.5,640,3.3,35,6153,1694483307,None
55.013897,72.895622,4950,1509,324.1,175,201.4,768,3.9,35,6153,1694483314,None
55.019951,72.903442,5050,1539,342.6,185,212.9,320,1.6,36,6153,1694483323,None
55.029076,72.915428,5125,1562,374.1,202,232.5,768,3.9,36,6153,1694483335,None
55.041595,72.931824,5375,1638,400,216,248.6,896,4.6,37,6153,1694483351,None
55.054306,72.948723,5575,1699,424.1,229,263.5,704,3.6,37,6153,1694483367,None
55.064941,72.962868,5725,1745,438.9,237,272.7,768,3.9,37,6153,1694483379,None
55.076385,72.978302,5925,1806,450,243,279.6,1088,5.5,37,6153,1694483392,None
55.090256,72.996964,6375,1943,440.8,238,273.9,2624,13.3,37,6153,1694483408,None
55.101555,73.011894,6825,2080,426,230,264.7,1984,10.1,36,6153,1694483421,None
55.112366,73.025803,7275,2217,411.1,222,255.5,1920,9.8,36,6153,1694483434,None
55.123077,73.039536,7650,2332,413,223,256.6,1600,8.1,36,6153,1694483447,None
55.135803,73.056091,8100,2469,411.1,222,255.5,1856,9.4,36,6153,1694483462,None
55.146606,73.070389,8500,2591,411.1,222,255.5,1728,8.8,37,6153,1694483475,None
55.157139,73.084717,8825,2690,413,223,256.6,1280,6.5,37,6153,1694483488,None
55.168034,73.099449,9075,2766,420.4,227,261.2,1152,5.9,37,6153,1694483502,None
55.178879,73.114014,9350,2850,424.1,229,263.5,1664,8.5,37,6153,1694483514,None
55.191822,73.131828,9775,2979,418.6,226,260.1,1408,7.2,38,6153,1694483530,None
55.196987,73.140816,9925,3025,416.7,225,258.9,1152,5.9,49,6153,1694483537,None
55.198711,73.14489,9975,3040,414.8,224,257.8,1216,6.2,55,6153,1694483540,None
55.200531,73.150208,10050,3063,414.8,224,257.8,1216,6.2,60,6153,1694483543,None
55.201828,73.155128,10100,3078,414.8,224,257.8,1280,6.5,66,6153,1694483546,None
55.202728,73.159897,10175,3101,413,223,256.6,1280,6.5,72,6153,1694483549,None
55.203506,73.165703,10250,3124,416.7,225,258.9,1344,6.8,78,6153,1694483553,None
55.203972,73.171608,10325,3147,414.8,224,257.8,1536,7.8,82,6153,1694483556,None
55.204376,73.177025,10400,3170,414.8,224,257.8,1536,7.8,83,6153,1694483559,None
55.20467,73.182426,10475,3193,413,223,256.6,1472,7.5,84,6153,1694483562,None
55.204971,73.188171,10550,3216,413,223,256.6,1408,7.2,84,6153,1694483565,None
55.205276,73.193916,10625,3239,413,223,256.6,1280,6.5,84,6153,1694483568,None
55.205521,73.199158,10700,3261,414.8,224,257.8,1216,6.2,84,6153,1694483571,None
55.205841,73.205139,10750,3277,414.8,224,257.8,1088,5.5,85,6153,1694483574,None
55.20602,73.21064,10800,3292,418.6,226,260.1,1024,5.2,86,6153,1694483577,None
55.206066,73.216301,10850,3307,422.3,228,262.4,960,4.9,90,6153,1694483581,None
55.205788,73.222794,10900,3322,424.1,229,263.5,1024,5.2,94,6153,1694483584,None
55.205383,73.228317,10950,3338,426,230,264.7,1088,5.5,98,6153,1694483587,None
55.204762,73.233612,11025,3360,431.5,233,268.1,1152,5.9,103,6153,1694483590,None
55.203876,73.239189,11075,3376,431.5,233,268.1,1280,6.5,105,6153,1694483593,None
55.202713,73.244766,11150,3399,435.2,235,270.4,1344,6.8,111,6153,1694483596,None
55.201317,73.250511,11225,3421,435.2,235,270.4,1472,7.5,113,6153,1694483599,None
55.200027,73.255707,11300,3444,435.2,235,270.4,1536,7.8,113,6153,1694483602,None
55.198666,73.261665,11400,3475,431.5,233,268.1,1600,8.1,111,6153,1694483606,None
55.197418,73.267334,11475,3498,429.7,232,267,1600,8.1,111,6153,1694483609,None
55.196384,73.2724,11550,3520,427.8,231,265.8,1536,7.8,109,6153,1694483612,None
55.195358,73.277557,11625,3543,427.8,231,265.8,1408,7.2,109,6153,1694483615,None
55.191124,73.300034,11900,3627,427.8,231,265.8,896,4.6,108,6153,1694483628,None
55.18602,73.327194,12000,3658,426,230,264.7,128,0.7,108,6153,1694483643,None
55.180927,73.360542,12000,3658,422.3,228,262.4,0,0,97,6153,1694483662,None
55.180649,73.366783,12000,3658,420.4,227,261.2,0,0,93,6153,1694483665,None
55.180527,73.372032,12000,3658,420.4,227,261.2,0,0,91,6153,1694483668,None
55.180573,73.377769,12000,3658,420.4,227,261.2,0,0,89,6153,1694483671,None
55.18071,73.384148,12000,3658,420.4,227,261.2,0,0,86,6153,1694483674,None
55.180882,73.389587,12000,3658,420.4,227,261.2,0,0,86,6153,1694483677,None
55.181068,73.394913,12000,3658,420.4,227,261.2,0,0,86,6153,1694483680,None
55.181255,73.401321,12000,3658,420.4,227,261.2,0,0,86,6153,1694483684,None
55.181396,73.406281,12000,3658,420.4,227,261.2,0,0,87,6153,1694483687,None
55.181534,73.41256,12000,3658,420.4,227,261.2,0,0,87,6153,1694483690,None
55.182587,73.470345,12000,3658,418.6,226,260.1,0,0,88,6153,1694483722,None
55.183769,73.527412,12000,3658,422.3,228,262.4,0,0,87,6153,1694483753,None
55.185024,73.586258,12000,3658,424.1,229,263.5,320,1.6,87,6153,1694483785,None
55.186142,73.6446,12525,3818,429.7,232,267,1024,5.2,87,6153,1694483816,None
55.187393,73.703644,13000,3962,438.9,237,272.7,960,4.9,88,6153,1694483847,None
55.188583,73.763901,13575,4138,437.1,236,271.6,1088,5.5,88,6153,1694483879,None
55.189728,73.824211,14100,4298,440.8,238,273.9,960,4.9,88,6153,1694483910,None
55.190842,73.883224,14500,4420,448.2,242,278.5,768,3.9,87,6153,1694483941,None
55.191925,73.943398,14875,4534,457.4,247,284.2,768,3.9,88,6153,1694483971,None
55.192978,74.00528,15300,4663,459.3,248,285.4,896,4.6,88,6153,1694484003,None
55.194077,74.067482,15675,4778,463,250,287.7,704,3.6,88,6153,1694484033,None
55.195171,74.130165,16050,4892,466.7,252,290,640,3.3,88,6153,1694484064,None
55.196198,74.194832,16400,4999,474.1,256,294.6,640,3.3,88,6153,1694484096,None
55.197174,74.258842,16775,5113,474.1,256,294.6,704,3.6,88,6153,1694484127,None
55.198151,74.323158,17125,5220,474.1,256,294.6,576,2.9,88,6153,1694484158,None
55.199081,74.38868,17475,5326,477.8,258,296.9,640,3.3,88,6153,1694484189,None
55.199966,74.452179,17775,5418,481.5,260,299.2,640,3.3,88,6153,1694484220,None
55.200897,74.518242,18000,5486,479.7,259,298.1,0,0,88,6153,1694484251,None
55.201767,74.582947,18000,5486,481.5,260,299.2,0,0,88,6153,1694484283,None
55.202591,74.6483,18000,5486,481.5,260,299.2,0,0,88,6153,1694484314,None
55.203411,74.713356,18000,5486,481.5,260,299.2,0,0,88,6153,1694484345,None
55.204159,74.779106,18000,5486,481.5,260,299.2,0,0,88,6153,1694484376,None
55.20488,74.843475,18000,5486,483.4,261,300.4,0,0,89,6153,1694484406,None
55.205566,74.908661,18000,5486,483.4,261,300.4,0,0,88,6153,1694484438,None
55.206207,74.974365,18000,5486,483.4,261,300.4,0,0,88,6153,1694484469,None
55.206905,75.038536,18000,5486,483.4,261,300.4,0,0,88,6153,1694484499,None
55.207489,75.104233,18000,5486,483.4,261,300.4,0,0,89,6153,1694484530,None
55.208038,75.176376,18000,5486,485.2,262,301.5,0,0,89,6153,1694484564,None
55.208439,75.241867,18000,5486,485.2,262,301.5,0,0,89,6153,1694484595,None
55.208908,75.306999,18000,5486,485.2,262,301.5,0,0,89,6153,1694484626,None
55.209457,75.379059,18000,5486,485.2,262,301.5,0,0,89,6153,1694484660,None
55.209976,75.451019,18000,5486,485.2,262,301.5,0,0,89,6153,1694484694,None
55.210281,75.51622,18000,5486,483.4,261,300.4,0,0,89,6153,1694484725,None
55.21072,75.587349,18000,5486,485.2,262,301.5,0,0,89,6153,1694484759,None
55.211014,75.653793,18000,5486,483.4,261,300.4,0,0,89,6153,1694484790,None
55.211243,75.719635,18000,5486,485.2,262,301.5,0,0,89,6153,1694484822,None
55.211426,75.790962,18000,5486,483.4,261,300.4,0,0,89,6153,1694484855,None
55.211609,75.861725,18000,5486,485.2,262,301.5,0,0,89,6153,1694484889,None
55.211792,75.933464,18000,5486,483.4,261,300.4,0,0,89,6153,1694484923,None
55.211884,75.999176,18000,5486,483.4,261,300.4,0,0,89,6153,1694484954,None
55.211979,76.064011,18000,5486,485.2,262,301.5,0,0,90,6153,1694484985,None
55.211979,76.129181,18000,5486,485.2,262,301.5,0,0,90,6153,1694485016,None
55.211933,76.194847,18000,5486,483.4,261,300.4,0,0,90,6153,1694485047,None
55.211979,76.258598,18000,5486,483.4,261,300.4,0,0,90,6153,1694485077,None
55.211929,76.330421,18000,5486,481.5,260,299.2,0,0,90,6153,1694485111,None
55.211792,76.39521,18000,5486,481.5,260,299.2,0,0,90,6153,1694485142,None
55.211609,76.466301,18000,5486,481.5,260,299.2,0,0,90,6153,1694485176,None
55.211418,76.530678,18000,5486,483.4,261,300.4,0,0,90,6153,1694485207,None
55.211235,76.596016,18000,5486,485.2,262,301.5,0,0,90,6153,1694485237,None
55.210953,76.666512,18000,5486,485.2,262,301.5,64,0.3,90,6153,1694485271,None
55.210674,76.732841,18000,5486,488.9,264,303.8,0,0,90,6153,1694485302,None
55.2103,76.797348,18000,5486,490.8,265,305,64,0.3,90,6153,1694485332,None
55.20993,76.869507,18000,5486,490.8,265,305,0,0,90,6153,1694485366,None
55.209503,76.936447,18000,5486,492.6,266,306.1,0,0,90,6153,1694485397,None
55.209045,77.003006,18000,5486,494.5,267,307.3,0,0,90,6153,1694485428,None
55.208588,77.069336,18000,5486,503.7,272,313,-64,-0.3,90,6153,1694485459,None
55.208069,77.139168,18000,5486,520.4,281,323.4,0,0,90,6153,1694485490,None
55.207443,77.210136,18000,5486,531.5,287,330.3,0,0,90,6153,1694485521,None
55.206757,77.283165,18000,5486,538.9,291,334.9,0,0,90,6153,1694485552,None
55.206066,77.357979,18000,5486,542.6,293,337.2,0,0,90,7700,1694485584,None
55.205368,77.431557,18000,5486,546.3,295,339.5,0,0,90,7700,1694485615,None
55.204559,77.506042,18000,5486,548.2,296,340.6,0,0,91,7700,1694485646,None
55.203552,77.587532,18000,5486,550,297,341.8,0,0,91,7700,1694485680,None
55.202621,77.666763,18000,5486,553.7,299,344.1,0,0,91,7700,1694485713,None
55.201721,77.739502,18000,5486,555.6,300,345.2,0,0,91,7700,1694485744,None
55.200806,77.815498,18000,5486,557.5,301,346.4,0,0,91,7700,1694485775,None
55.199734,77.893066,18000,5486,557.5,301,346.4,0,0,91,7700,1694485806,None
55.1987,77.969086,18000,5486,559.3,302,347.5,0,0,91,7700,1694485838,None
55.197502,78.049873,18000,5486,563,304,349.8,0,0,91,7700,1694485871,None
55.196102,78.130936,18000,5486,566.7,306,352.1,0,0,91,7700,1694485904,None
55.194847,78.207756,18000,5486,568.6,307,353.3,0,0,91,7700,1694485935,None
55.19339,78.291237,18000,5486,568.6,307,353.3,0,0,91,7700,1694485968,None
55.191925,78.374283,18000,5486,572.3,309,355.6,0,0,91,7700,1694486002,None
55.190517,78.447876,18000,5486,572.3,309,355.6,0,0,92,7700,1694486033,None
55.188812,78.535202,17825,5433,572.3,309,355.6,-576,-2.9,91,7700,1694486066,None
55.187347,78.610649,17450,5319,568.6,307,353.3,-960,-4.9,92,7700,1694486097,None
55.185654,78.692406,16875,5144,555.6,300,345.2,-960,-4.9,92,7700,1694486130,None
55.184185,78.765648,16375,4991,551.9,298,342.9,-1024,-5.2,92,7700,1694486160,None
55.182419,78.845795,16000,4877,548.2,296,340.6,-64,-0.3,92,7700,1694486194,None
55.180603,78.924866,16000,4877,551.9,298,342.9,64,0.3,92,7700,1694486227,None
55.178879,78.997856,16000,4877,551.9,298,342.9,0,0,92,7700,1694486257,None
55.177002,79.078377,16000,4877,553.7,299,344.1,0,0,92,7700,1694486291,None
55.175014,79.158661,16000,4877,551.9,298,342.9,0,0,92,7700,1694486324,None
55.173107,79.231903,16000,4877,553.7,299,344.1,0,0,92,7700,1694486354,None
55.171059,79.312218,15675,4778,520.4,281,323.4,-1280,-6.5,92,7700,1694486388,None
55.169449,79.376381,14925,4549,457.4,247,284.2,-2048,-10.4,92,7700,1694486419,None
55.167892,79.439796,13700,4176,431.5,233,268.1,-2368,-12,92,7700,1694486452,None
55.166245,79.501511,12325,3757,420.4,227,261.2,-2560,-13,93,7700,1694486485,None
55.164963,79.514359,12050,3673,422.3,228,262.4,-2432,-12.4,103,7700,1694486492,None
55.163864,79.519691,11925,3635,422.3,228,262.4,-2112,-10.7,111,7700,1694486495,None
55.162632,79.524788,11825,3604,420.4,227,261.2,-2048,-10.4,114,7700,1694486498,None
55.162167,79.526367,11800,3597,420.4,227,261.2,-2048,-10.4,115,7700,1694486499,None
55.160019,79.533905,11625,3543,416.7,225,258.9,-2368,-12,117,7700,1694486504,None
55.158554,79.538513,11500,3505,416.7,225,258.9,-2560,-13,118,7700,1694486507,None
55.156536,79.544426,11325,3452,416.7,225,258.9,-2752,-14,121,7700,1694486510,None
55.154663,79.549255,11175,3406,418.6,226,260.1,-2688,-13.7,124,7700,1694486513,None
55.152878,79.553535,11050,3368,420.4,227,261.2,-2560,-13,126,7700,1694486517,None
55.151093,79.557899,10950,3338,420.4,227,261.2,-2496,-12.7,125,7700,1694486519,None
55.14917,79.562668,10775,3284,418.6,226,260.1,-2496,-12.7,125,7700,1694486523,None
55.140793,79.583992,10175,3101,414.8,224,257.8,-2560,-13,130,7700,1694486538,None
55.137863,79.589485,10050,3063,420.4,227,261.2,-2560,-13,136,7700,1694486541,None
55.135727,79.592705,9900,3018,422.3,228,262.4,-2560,-13,136,7700,1694486544,None
55.132553,79.596352,9775,2979,426,230,264.7,-2432,-12.4,148,7700,1694486547,None
55.129669,79.599182,9650,2941,426,230,264.7,-2304,-11.7,151,7700,1694486551,None
55.126602,79.602165,9525,2903,424.1,229,263.5,-2304,-11.7,151,7700,1694486554,None
55.124878,79.603935,9450,2880,422.3,228,262.4,-2432,-12.4,150,7700,1694486556,None
55.113052,79.629395,8650,2637,398.2,215,247.4,-2560,-13,110,7700,1694486575,None
55.111954,79.638603,8450,2576,392.6,212,244,-2048,-10.4,95,7700,1694486581,None
55.112125,79.648216,8275,2522,388.9,210,241.7,-1600,-8.1,83,7700,1694486586,None
55.113831,79.658394,8150,2484,387.1,209,240.5,-960,-4.9,69,7700,1694486592,None
55.116405,79.666023,8075,2461,394.5,213,245.1,-1216,-6.2,57,7700,1694486598,None
55.120083,79.673103,7925,2416,401.9,217,249.7,-1600,-8.1,44,7700,1694486603,None
55.124832,79.678925,7750,2362,403.7,218,250.9,-2112,-10.7,30,7700,1694486609,None
55.129669,79.682625,7525,2294,409.3,221,254.3,-2816,-14.3,18,7700,1694486615,None
55.135864,79.684837,7225,2202,418.6,226,260.1,-3072,-15.6,9,7700,1694486620,None